word,count
you,89297603
the,77564674
i,69205065
to,58314898
a,49961193
and,34993653
it,32444799
of,30173864
that,27635750
in,25047350
is,25046602
me,22765684
what,21154980
this,20198794
for,17525506
we,17373453
on,17333017
my,17087290
your,16512173
have,16140514
no,15851168
i'm,15645076
do,15402438
was,14666132
not,14637695
be,14478092
don't,14459745
are,14387275
it's,14148528
know,13875656
he,13600193
with,12839231
all,12670971
but,12071773
just,11759949
so,11458311
here,10753476
get,10575299
like,10054353
go,9597534
right,9520684
out,9090670
if,8969137
you're,8948765
can,8919492
up,8767228
about,8597753
him,8596609
at,8152551
now,8062372
there,8052979
oh,7909539
come,7819527
they,7810985
one,7696735
yeah,7516967
that's,7442230
got,7329809
her,7256269
well,7189402
how,6927951
want,6705617
she,6556017
will,6529460
think,6380499
see,6115596
good,6089931
did,5994144
as,5909548
from,5766851
why,5728399
his,5709879
okay,5462726
yes,5250155
going,5125731
when,5099935
back,5099025
who,5082192
i'll,4955983
time,4932844
an,4925337
us,4839339
gonna,4811040
look,4750725
he's,4737324
them,4706761
take,4592786
were,4437955
can't,4412149
would,4404631
been,4391473
man,4377626
or,4347417
hey,4347264
then,4203410
had,4160456
tell,4133465
our,4120003
some,4077640
where,4003890
say,3941576
need,3862330
really,3860716
we're,3797043
could,3766895
didn't,3717820
down,3667425
by,3622463
something,3551056
way,3542695
more,3448089
too,3428380
make,3376015
has,3372906
never,3287102
i've,3249151
what's,3195134
let,3142217
over,3124683
little,3072895
very,3012822
please,2985061
sorry,2980337
only,2952573
people,2934799
there's,2919814
because,2908027
off,2893526
let's,2884739
mean,2874171
give,2830576
said,2779161
love,2731914
thank,2691403
should,2689445
am,2677174
any,2673452
two,2659638
doing,2604781
sure,2474682
thing,2471377
even,2456177
much,2449010
mr,2406343
help,2401742
she's,2368651
these,2366166
sir,2305858
find,2250094
into,2241069
god,2199946
anything,2196629
still,2192102
first,2160567
uh,2125738
nothing,2094246
they're,2088286
life,2084379
wait,2059807
day,2059582
maybe,2059135
work,2058952
stop,2045953
call,2039881
before,2026340
again,2020261
their,2005164
put,1965500
talk,1959169
than,1949009
away,1911733
thought,1908636
other,1890900
night,1877782
home,1872153
after,1861509
must,1849489
those,1846515
great,1840068
last,1822551
keep,1816286
better,1793412
told,1773955
new,1733023
long,1709027
things,1706890
won't,1684263
you've,1679446
always,1668157
does,1661761
around,1645409
ever,1623142
years,1617955
everything,1616447
we'll,1611994
guys,1605654
leave,1596075
doesn't,1595410
i'd,1581661
name,1543150
place,1524527
guy,1522910
money,1522058
feel,1489232
made,1475894
old,1462018
believe,1452126
big,1438424
you'll,1433910
done,1425529
isn't,1423580
fine,1408558
nice,1391521
through,1390402
stay,1386865
every,1385703
coming,1377917
lot,1369065
hello,1368754
which,1367905
kind,1355575
kill,1339815
thanks,1337404
father,1336052
shit,1320919
three,1320139
listen,1317153
left,1313389
hear,1310567
wanted,1308308
girl,1303288
house,1299428
enough,1298505
wrong,1295633
bad,1293240
happened,1285248
may,1283399
course,1271421
understand,1271409
remember,1271092
being,1270866
someone,1265162
might,1251040
ok,1246156
fuck,1244748
dead,1242699
another,1242043
world,1230417
came,1225365
own,1218820
talking,1210809
ask,1192338
hell,1179594
fucking,1174451
found,1158740
dad,1155149
same,1148537
show,1143433
else,1141155
car,1141144
care,1140268
getting,1139830
move,1131501
looking,1130862
next,1127070
hi,1120647
try,1115675
son,1114900
today,1112874
trying,1089978
mother,1089187
boy,1086165
mind,1072694
yourself,1068658
woman,1068345
wasn't,1068183
real,1065904
friend,1049732
best,1049112
went,1042039
baby,1040007
we've,1032095
many,1031374
hold,1026186
saw,1021346
wanna,1021305
huh,1020728
job,1013400
morning,1004330
together,1003770
wouldn't,994467
room,989956
gotta,987948
family,981601
seen,976327
without,969879
door,968116
men,961384
ready,951390
heard,949106
already,947468
head,946161
most,945038
both,943138
mom,943125
live,941849
miss,938807
actually,930898
knew,929995
once,916658
pretty,906584
took,903611
run,899496
idea,897486
guess,896688
whole,895932
use,887720
yet,886419
used,882610
bring,872613
called,872158
while,864092
start,861512
killed,857501
meet,854506
days,850006
happy,849266
matter,847214
phone,846284
haven't,845121
gone,841178
open,834919
um,834034
since,832922
cause,830354
hard,818811
such,818244
saying,812952
tonight,812103
alone,810837
die,810613
myself,809918
ago,805136
end,802700
problem,800971
brother,800515
wife,800321
few,795766
looks,793945
bit,792270
english,787253
friends,786076
excuse,785781
until,785603
tomorrow,781445
couldn't,779945
play,778945
turn,778813
you'd,777469
hope,777275
who's,776109
lost,775302
face,773913
ah,771414
watch,767980
anyone,767037
says,757690
school,752344
ain't,751986
wants,746482
also,746247
everyone,744493
business,725435
case,724592
true,722607
hand,721387
soon,708936
damn,706146
worry,704472
police,701967
heart,694919
second,693775
each,691753
probably,689929
shut,687835
five,683562
sit,683046
later,673933
thinking,673151
s,672387
under,671295
working,671242
having,669888
exactly,669377
music,669103
minute,666715
beautiful,663784
kid,662396
kids,661112
minutes,657207
crazy,654788
part,652976
year,651564
death,648219
stuff,648058
hit,646102
check,645104
late,644259
whatever,642386
eat,642176
knows,642139
happen,638742
easy,637615
hands,637122
gave,634087
far,631741
dr,631112
eyes,628809
deal,628522
change,622417
inside,621846
water,621837
forget,621596
pay,620038
young,618234
everybody,617553
taking,617291
doctor,614264
means,611038
point,608557
drink,604728
four,603549
person,602991
fight,601719
fire,601165
close,599219
makes,598879
hurt,594338
where's,593602
word,591649
chance,589633
times,586263
mine,584434
aren't,583597
set,581066
afraid,579812
supposed,577965
somebody,574776
mrs,572835
number,572665
its,571590
making,568235
asked,563279
shot,562618
against,561789
different,561340
sleep,560941
rest,559188
anyway,558575
cut,557667
story,555156
stand,554369
wish,552083
body,551534
comes,550752
read,547777
blood,547053
side,544370
hours,543280
whoa,542520
least,541780
trust,541591
shall,541037
waiting,540189
fun,537308
quite,534692
gun,534304
war,532192
speak,527592
important,526701
party,526662
game,523411
moment,522472
behind,520115
week,519694
truth,518808
though,518060
gets,511462
em,511308
goes,509043
playing,509011
captain,507964
walk,506810
question,505245
yours,503761
anymore,503369
city,503349
dear,503307
break,502833
girls,501939
almost,497671
reason,496540
welcome,496155
between,495806
married,495034
started,494642
nobody,493088
children,492432
town,490485
trouble,488463
line,486921
honey,486683
boys,485330
met,484312
daughter,483433
office,482665
power,482386
he'll,480372
half,480225
died,479826
couple,479745
cool,479495
lady,479277
clear,478091
save,478033
free,477663
telling,477316
tried,476149
alive,475525
able,475467
l,473453
high,472837
ass,472409
wow,470807
lord,470454
brought,469134
either,468599
send,465458
child,464977
six,462822
answer,461617
hate,458351
front,455772
safe,455646
sister,455327
sighs,454413
stupid,453378
women,451609
husband,450052
outside,448180
full,447891
news,446298
jack,445166
needs,444418
months,441998
seems,441942
light,441921
team,441701
funny,440863
john,440110
ahead,439598
buy,438194
plan,436514
hurry,434992
dog,433021
pick,432451
bed,432308
sometimes,431403
order,431275
black,429128
bitch,426851
bye,425033
hot,424123
along,423816
promise,422302
running,421197
jesus,419002
shoot,418494
lose,417827
it'll,413065
fact,410835
country,409387
food,407841
white,407327
king,407222
anybody,406989
feeling,405585
living,401431
they'll,400664
book,399450
sent,397784
hour,397467
taken,393069
shouldn't,390896
become,390871
leaving,390135
lives,388342
here's,387119
chuckles,384634
cannot,383389
hmm,382116
t,380734
control,380601
sick,380473
perfect,380439
dinner,378972
touch,378866
sounds,378253
himself,377783
special,376566
red,374860
human,374238
perhaps,373584
drive,370357
sort,370326
ha,368757
laughing,368651
scared,368483
boss,367738
air,367711
serious,367092
sound,364214
past,362653
how's,360701
hang,359067
company,358059
asking,357295
possible,355462
parents,353566
pull,351946
follow,351519
small,351478
happens,351359
luck,351132
earth,348360
glad,346664
till,346619
laughs,346418
street,346158
fast,345995
m,345694
utf,345637
ten,345345
top,344961
d,344675
seem,337162
poor,334346
win,334120
daddy,332756
hair,332714
sense,332483
million,332448
cold,332380
catch,330994
murder,330788
lie,330103
speaking,329975
president,329639
gentlemen,328583
sweet,328485
words,328043
finally,326461
dream,326202
known,325572
lucky,324866
meeting,323399
bet,323398
alright,322538
hospital,322515
voice,320352
calling,320147
somewhere,320146
sign,319490
drop,318619
weeks,318291
others,317665
dance,317170
master,316382
sex,311991
secret,311601
step,310400
longer,310279
moving,310137
uncle,309924
crime,309102
ship,308455
careful,308317
write,307784
sam,307779
clean,307697
less,305611
straight,305211
worked,304434
dude,304214
piece,304206
return,303290
felt,303203
figure,302999
rather,302035
fall,301971
they've,301686
quiet,301488
weren't,300791
future,300565
drama,299231
ladies,298749
he'd,297341
takes,297260
questions,296329
beat,296130
looked,295744
choice,295262
eye,294312
coffee,294152
learn,292978
feet,292809
road,292363
ooh,291721
given,291689
fault,291491
seeing,291459
we'd,291389
worth,291323
none,291251
date,290557
calm,290180
evening,290004
loved,288975
throw,288652
explain,287251
security,286827
general,285588
ya,285349
turned,284467
changed,283092
happening,282989
wake,282522
frank,281348
kidding,280750
absolutely,280176
wonderful,279226
quick,278680
officer,277940
report,277307
picture,276989
giving,276062
works,274405
ma'am,274047
agent,273909
state,273703
mad,273004
land,271802
ride,271740
strong,270493
needed,270401
weird,270374
pain,270123
ones,269584
wonder,268608
dark,267868
law,267689
system,267071
early,266884
worse,266182
missing,265332
unless,265200
pass,264483
seven,263876
building,263817
act,263363
attack,261689
song,261471
screaming,260632
information,259414
protect,257828
mistake,257730
meant,256628
watching,256597
mouth,256427
buddy,256132
michael,256100
darling,256025
chief,255748
kept,254929
suppose,254398
worried,254270
amazing,252550
train,252334
kiss,252238
caught,252183
finish,251854
message,251642
tired,250830
busy,250340
yesterday,249415
george,249395
tv,248091
history,247533
class,247013
o,246635
york,245812
action,245656
lying,244674
evidence,244401
except,243932
lead,243707
christmas,243681
goodbye,243664
handle,242581
charlie,242571
imagine,242406
strange,242002
expect,241907
entire,241566
bill,241532
radio,241018
forever,240972
movie,240730
army,240412
blue,240151
floor,240006
ring,239485
born,239374
thinks,239320
forgive,239306
birthday,239215
sell,238926
wedding,238907
broke,238824
joe,238072
mike,237815
swear,237626
bag,237339
terrible,236542
across,235986
completely,235410
david,234803
seriously,234754
anywhere,234587
wear,234327
dangerous,234076
totally,233971
honor,233940
decided,233592
rock,233168
court,233121
miles,233114
hotel,233096
she'll,232747
fear,232486
near,232167
cover,232125
tom,231277
ground,230660
attention,230398
clothes,230213
goddamn,230197
box,229557
station,228978
instead,228517
hasn't,228315
marry,228264
situation,227820
certainly,227734
month,227632
eight,227494
definitely,227109
age,226929
during,226814
fair,226592
cell,226503
table,226422
talked,226235
force,225960
blow,225302
ran,225168
middle,224834
peace,224629
simple,224561
american,224198
paid,223887
killing,223853
join,222685
charge,221642
boat,221198
using,220689
key,220518
lovely,219699
test,219575
stick,219366
count,218878
eh,218639
relax,217393
round,217305
continues,217287
prison,217085
grunts,216912
sitting,216812
peter,216735
spend,216441
personal,216006
space,215930
smart,215914
short,215847
list,215525
deep,214511
normal,213880
single,213864
ball,213741
interesting,213562
saved,213510
fly,212894
crying,212647
forgot,212625
present,212580
finished,212104
major,211782
won,211735
french,211196
missed,211093
enjoy,211033
detective,210939
offer,210317
fix,210294
fighting,209828
accident,209515
fuckin,209363
sing,209173
fool,208549
certain,208203
brain,208130
stopped,207800
club,207477
service,207202
cops,207135
hide,206950
wearing,206917
sun,206891
record,206805
surprise,206673
cop,206504
government,206401
bought,206174
mark,205945
horse,205944
paper,205795
gold,205411
proud,205293
bastard,205197
area,204710
wall,204111
bank,203832
lunch,203639
soul,203442
group,203215
c,203138
position,203067
respect,202648
bar,202402
forward,202097
fell,201659
letter,201147
standing,201133
idiot,201026
p,201008
smell,200752
christ,199868
quickly,199365
holy,199266
fish,198639
ice,198547
agree,198416
grunting,197942
machine,197692
mama,197548
star,197380
calls,197017
mary,197005
trip,196526
killer,196504
contact,196144
interested,196067
park,195979
yo,195940
mess,195878
lieutenant,195422
private,195309
plane,195015
seconds,194874
within,194867
mm,194842
slow,194773
james,194562
tough,193867
share,193561
window,193450
don,193266
feels,193076
ben,192882
gasps,192645
